,Sequence,in_vivo_in_vitro,Linear_cyclic,N_ter_mod,C_ter_mod,Length,MW,Charge,ChargeDensity,pI,InstabilityInd,Aromaticity,AliphaticInd,BomanInd,HydrophRatio,Asp,Ser,Cys,Met,DP,DG,NG,QG,Diketo,Diketo_2
0,ACDTATCVTHRLAGLLSRSGGVVKNNFVPTNVGSKAF,in vitro,Linear,Free,Free,37.0,3791.34,3.723,0.000981974710788,10.658203125,32.8405405405,0.0540540540541,81.6216216216,1.08756756757,0.432432432432,1,3,2,0,0,0,0,0,0,0
1,ADSGEGDFLAEGGGVR,in vivo,Linear,Free,Free,16.0,1535.58,-2.009,-0.00130830044674,3.93017578125,22.10625,0.0625,55.0,1.82,0.3125,2,1,0,0,0,0,0,0,0,0
2,AEIYNKDGNKLDLYG,in vitro,Linear,Free,Free,15.0,1711.88,-0.014,-8.1781433278e-06,6.8125,36.7666666667,0.133333333333,84.6666666667,2.03066666667,0.266666666667,2,0,0,0,0,1,0,0,0,0
3,AELRCMCIKTTSGIHPKNIQSLEVIGKGTHCNQVEVIATLKDGRKICLDPDAPRIKKIVQKKLAGDESAD,in vivo,Linear,Free,Free,70.0,7626.91,3.456,0.000453132395688,9.00146484375,20.5628571429,0.0,96.1428571429,1.77014285714,0.385714285714,5,3,4,1,1,1,0,0,0,0
4,AGCKNFFWKTFTSC,in vivo,Cyclic,Free,Free,14.0,1638.92,2.681,0.00163583335367,9.876953125,30.65,0.285714285714,7.14285714286,0.692857142857,0.428571428571,0,1,2,0,0,0,0,0,0,0
5,AKPEAPGEDASPEELSRYYASLRHYLNLVTRQRY,in vivo,Linear,Free,Amidation,34.0,3980.37,1.025,0.000257513748722,9.2724609375,88.5794117647,0.117647058824,66.1764705882,2.92529411765,0.264705882353,1,3,0,0,0,0,0,0,0,0
6,ALCDNPRIDRWYCQFVEG,in vivo,Linear,Acetylation,Amidation,18.0,2184.46,-0.319,-0.000146031513509,6.109375,33.6111111111,0.166666666667,65.0,2.32833333333,0.388888888889,2,0,2,0,0,0,0,0,0,0
7,ANTFLEEVRKGNLERECVEETCSYEEAFEALESSTATDVFWAKYTACETARTPRDKLAACLEGNCAEGLGTNYRGHVNITRSGIECQLWRSRYPHKPEINSTTHPGADLQENFCRNPDSSTTGPWCYTTDPTVRRQECSIPVCGQDQVTVAMTPRSEGSSVNLSPPLEQCVPDRGQQYQGRLAVTTHGLPCLAWASAQAKALSKHQDFNSAVQLVENFCRNPDGDEEGVWCYVAGKPGDFGYCDLNYCEEAVEEETGDGLDEDSDRAIEGRTA,in vivo,Linear,Free,Free,273.0,30142.83,-22.267,-0.000738716305005,4.30895996094,45.8062271062,0.0769230769231,56.8498168498,2.31358974359,0.311355311355,16,17,16,1,1,2,0,1,0,0
8,AQKVNSGEPRAHLGALLARYIQQARKAPSGRMSVIKNLQNLDPSHRISDRDYMGWMDF,in vitro,Linear,Free,Amidation,58.0,6595.5,5.069,0.000768554317338,10.9196777344,41.0586206897,0.0689655172414,74.1379310345,2.45034482759,0.344827586207,4,5,0,3,1,0,0,0,0,0
9,ARRWRIVVIRVRRH,in vitro,Linear,Free,Amidation,14.0,1872.28,7.031,0.00375531437605,13.955078125,139.721428571,0.0714285714286,125.0,4.86285714286,0.428571428571,0,0,0,0,0,0,0,0,0,0
10,CEWDREINNYTSLIHSLIEESQNQQEKNEQELLELDKWASLW,in vitro,Linear,Free,Free,42.0,5162.59,-6.121,-0.00118564518972,4.06359863281,53.8714285714,0.0952380952381,85.9523809524,2.6969047619,0.261904761905,2,4,1,0,0,0,0,0,0,0
11,CFGGRMDRIGAQSGLGCNSFRYVQQRKESKKPPAKLQPR,in vivo,Cyclic,Free,Free,39.0,4395.08,7.678,0.00174695341154,11.3505859375,45.1384615385,0.0769230769231,42.5641025641,2.90974358974,0.282051282051,1,3,2,1,0,0,0,0,1,0
12,CFGLKLDRIGSMSGLGCAGSVDHKGKQRKWDHPKR,in vivo,Cyclic,Free,Free,35.0,3868.5,5.763,0.0014897246995,10.8081054688,28.1285714286,0.0571428571429,55.7142857143,2.35257142857,0.285714285714,3,3,2,1,0,0,0,0,1,0
13,CFGLKLDRIGSMSGLGCVQQRKESKKPPAKLQPR,in vivo,Cyclic,Free,Free,34.0,3756.49,6.68,0.00177825576536,11.1357421875,44.1794117647,0.0294117647059,68.8235294118,2.14,0.323529411765,1,3,2,1,0,0,0,0,1,0
14,CFGLKLDRIGSMSGLGCVQQRKESKKPPAKLQPRESKKPPAKLQPR,in vivo,Cyclic,Free,Free,46.0,5117.1,9.679,0.00189150104551,11.2961425781,53.9739130435,0.0217391304348,61.5217391304,2.46413043478,0.282608695652,1,4,2,1,0,0,0,0,1,0
15,CKAFSNSYPYDVPDYASL,in vitro,Linear,Acetylation,Amidation,18.0,2039.24,-0.17,-8.33643906553e-05,6.0625,49.1222222222,0.222222222222,48.8888888889,1.30055555556,0.333333333333,2,3,1,0,0,0,0,0,0,0
16,CRRWQWRMKKLGC,in vitro,Cyclic,Free,Amidation,13.0,1750.18,5.681,0.00324595184495,11.875,90.8230769231,0.153846153846,30.0,3.53615384615,0.307692307692,0,0,2,1,0,0,0,0,0,0
17,CSCSSLMDKECVYFCHLDIIW,in vitro,Linear,Free,Free,21.0,2494.96,-1.586,-0.000635681533972,5.2236328125,59.4428571429,0.142857142857,88.0952380952,0.395238095238,0.52380952381,2,3,4,1,0,0,0,0,0,0
18,CSCSSLMDKECVYFCHLDIIWVNTPEHVVPYGLGSPRS,in vitro,Linear,Free,Free,38.0,4285.94,-1.546,-0.000360714335712,6.0419921875,59.4210526316,0.105263157895,81.8421052632,0.84,0.394736842105,2,5,4,1,0,0,0,0,0,0
19,CSCSSLMDKECVYFCHLDIIWVNTPERVVPYGLGSPSRS,in vitro,Linear,Free,Free,39.0,4392.06,-0.587,-0.000133650268894,6.7646484375,71.8974358974,0.102564102564,79.7435897436,1.16871794872,0.384615384615,2,6,4,1,0,0,0,0,0,0
20,CSNLSTCVLGKLSQELHKLQTYPRTNTGSGTP,in vitro,Cyclic,Free,Free,32.0,3433.89,2.721,0.000792395796021,9.62939453125,17.840625,0.03125,70.0,1.700625,0.25,0,4,2,0,0,0,0,0,0,0
21,DAEFRHDSGYEVHHQKLVFFAEDVGSNKGAIIGLMVGGVV,in vivo,Linear,Free,Free,40.0,4328.84,-1.886,-0.000435682538509,5.79638671875,18.58,0.1,90.0,0.98575,0.425,3,2,0,1,0,0,0,0,0,0
22,DAEFRHDSGYEVHHQKLVFFAEDVGSNKGAIIGLMVGGVVIA,in vivo,Linear,Free,Free,42.0,4513.07,-1.886,-0.00041789735147,5.79638671875,18.1714285714,0.0952380952381,97.380952381,0.778571428571,0.452380952381,3,2,0,1,0,0,0,0,0,0
23,DIRCKDDEFTHLYTLIVRPDNTYEVKIDNSQVESGSLEDDWDFLPPKKIKDPDAAKPEDWDERAKIDDPTDSKPEDWDKPEHIPDPDAKKPEDWDEEMDGEWEPPVIQNPEYKGEWKPRQIDNP,in vivo,Linear,Free,Free,124.0,14658.78,-20.081,-0.0013698957212,3.92962646484,25.6008064516,0.0887096774194,50.3225806452,3.2460483871,0.193548387097,23,4,1,1,3,1,0,0,0,0
24,DLRVDTKSRAAWARLLQEHPNARKYKGANKKGLSKGGLSKGCFGLKLDRIGSMSGLGC,in vivo,Cyclic,Free,Free,58.0,6245.26,9.718,0.00155606011599,11.0639648438,18.0793103448,0.051724137931,74.1379310345,2.05362068966,0.327586206897,3,5,2,1,0,0,0,0,0,0
25,DNPSLSIDLTFHLLRTLLELARTQSQRERAEQNRIIFDSV,in vivo,Linear,Free,Free,40.0,4696.26,0.034,7.23980358839e-06,7.71875,48.375,0.05,109.75,2.856,0.375,3,4,0,0,0,0,0,0,0,0
26,DRQIKIWFQNRRMKWKKRKIPTEDEY,in vivo,Linear,Free,Free,26.0,3493.06,5.986,0.00171368370426,11.130859375,52.6038461538,0.153846153846,45.0,4.39115384615,0.192307692308,2,0,0,1,0,0,0,0,0,0
27,EACNLPIVRGPCIAFFPRWAFDAVKGKCVLFPYGGCQGNGNKFYSEKECREYCGVP,in vivo,Linear,Free,Free,56.0,6236.22,2.06,0.000330328307853,8.11303710938,45.51625,0.160714285714,55.7142857143,1.02910714286,0.410714285714,1,1,6,0,0,0,1,1,0,0
28,EAEDLQVGQVELGGGPGAGSLQPLALEGSLQ,in vivo,Linear,Free,Free,31.0,3019.29,-4.008,-0.00132746440388,3.43896484375,51.2709677419,0.0,103.870967742,0.493870967742,0.354838709677,1,2,0,0,0,0,0,0,0,0
29,EGTFTSDVSSYLEGQAAKEFIAWLVKGR,in vitro,Linear,Free,Amidation,28.0,3089.43,-0.012,-3.88421165069e-06,6.96875,18.2428571429,0.142857142857,73.2142857143,1.31464285714,0.357142857143,1,3,0,0,0,0,0,0,0,0
30,ELRMSSSYPTGLADVKAGPAQTLIRPQDMKGASRSPEDSSPDAARIRV,in vitro,Linear,Free,Free,48.0,5113.72,1.988,0.00038875808609,10.203125,87.4916666667,0.0208333333333,65.2083333333,2.56875,0.3125,4,7,0,2,0,0,0,0,0,0
31,ELYENKPRRPYIL,in vitro,Linear,Free,Free,13.0,1689.96,1.986,0.0011751757438,10.0620117188,83.7384615385,0.153846153846,90.0,3.16692307692,0.230769230769,0,0,0,0,0,0,0,0,0,0
32,EVKYDPCFGHKIDRINHVSNLGCPSLRDPRPNAPSTSA,in vitro,Cyclic,Free,Free,38.0,4191.69,1.763,0.000420594080192,8.86376953125,43.6657894737,0.0526315789474,61.5789473684,2.51526315789,0.289473684211,3,4,2,0,2,0,0,0,0,0
33,EWDREINNYTSLIHSLIEESQNQQEKNECELLELDKWASLW,in vitro,Linear,Free,Free,41.0,5034.46,-6.121,-0.00121582056467,4.06359863281,56.2634146341,0.0975609756098,88.0487804878,2.62756097561,0.268292682927,2,4,1,0,0,0,0,0,0,0
34,EWDREINNYTSLIHSLIEESQNQQEKNEQELLELDKWASLWC,in vitro,Linear,Free,Free,42.0,5162.59,-6.121,-0.00118564518972,4.06359863281,53.8714285714,0.0952380952381,85.9523809524,2.6969047619,0.261904761905,2,4,1,0,0,0,0,0,0,0
35,FAFAEGTFTSDVSSYLEGQAAKEFIAWLVKGRPSSGAPPPS,in vitro,Linear,Hydroxylation,Amidation,41.0,4303.76,-0.012,-2.78825956838e-06,6.96875,46.4414634146,0.146341463415,57.3170731707,0.845853658537,0.365853658537,1,6,0,0,0,0,0,0,0,0
36,FFFAEGTFTSDVSSYLEGQAAKEFIAWLVKGRPSSGAPPPS,in vitro,Linear,Hydroxylation,Amidation,41.0,4379.85,-0.012,-2.73981985684e-06,6.96875,46.4414634146,0.170731707317,54.8780487805,0.817317073171,0.365853658537,1,6,0,0,0,0,0,0,0,0
37,FGFAEGTFTSDVSSYLEGQAAKEFIAWLVKGRPSSGAPPPS,in vitro,Linear,Hydroxylation,Amidation,41.0,4289.73,-0.012,-2.79737885601e-06,6.96875,46.4414634146,0.146341463415,54.8780487805,0.867073170732,0.341463414634,1,6,0,0,0,0,0,0,0,0
38,FGGFTGARKSARKLANQ,in vitro,Linear,Free,Free,17.0,1808.06,4.989,0.00275931108481,13.71484375,-2.74705882353,0.117647058824,40.5882352941,2.35058823529,0.352941176471,0,1,0,0,0,0,0,0,1,1
39,FNAPFDVGIKLSGAQYQQHGRAL,in vitro,Linear,Free,Amidation,23.0,2516.83,2.029,0.000806172844411,10.44140625,13.8086956522,0.130434782609,76.5217391304,1.20173913043,0.391304347826,1,1,0,0,0,0,0,0,0,0
40,FNAPFDVGIKLSGVQYQQHSQAL,in vitro,Linear,Free,Amidation,23.0,2546.85,1.029,0.000404028505801,9.650390625,30.3826086957,0.130434782609,84.7826086957,0.885652173913,0.391304347826,1,2,0,0,0,0,0,0,0,0
41,FPRPGGGGQGDFEEIPEEYL,in vivo,Linear,Free,Free,20.0,2193.34,-3.01,-0.0013723362543,3.88232421875,89.21,0.15,39.0,1.803,0.2,1,0,0,0,0,0,0,1,0,0
42,FPRPGGGGQGDFEPIPEDAYDE,in vivo,Linear,Free,Amidation,22.0,2349.44,-4.01,-0.00170678970308,3.61010742188,71.8909090909,0.136363636364,22.2727272727,2.26363636364,0.181818181818,3,0,0,0,0,0,0,1,0,0
43,FPTIPLSRLFDNAMLRAHRLHQLAFDTYQEFEEAYIPKEQKYSFLQNPQTSLCFSESIPTPSNREETQQKSNLELLRISLLLIQSWLEPVQFLRSVFANSLVYGASDSNVYDLLKDLEEGIQTLMGRLEDGSPRTGQIFKQTYSKFDTNSHNDDALLKNYGLLYCFRKDMDKVETFLRIVQCRSVEGSCGF,in vivo,Linear,Free,Free,191.0,22127.87,-4.512,-0.000203905753242,5.22729492188,40.764921466,0.115183246073,83.7172774869,1.93780104712,0.356020942408,11,18,4,3,0,1,0,0,0,0
44,FVFAEGTFTSDVSSYLEGQAAKEFIAWLVKGRPSSGAPPPS,in vitro,Linear,Hydroxylation,Amidation,41.0,4331.81,-0.012,-2.77020460269e-06,6.96875,46.4414634146,0.146341463415,61.9512195122,0.791463414634,0.365853658537,1,6,0,0,0,0,0,0,0,0
45,FVNQHLCGSHLVEALYLVCGERGFFYTPKARREAQNPQAGAVELGGGLGGLNALALEGPPQKRGIVEQCCTSICSLYQLENYCN,in vivo,Cyclic,Free,Free,84.0,9072.3,-0.856,-9.43531408794e-05,6.8369140625,32.821547619,0.0833333333333,85.9523809524,1.02761904762,0.404761904762,0,3,6,0,0,0,0,0,0,0
46,FVPIFTYGELQREHQRVQQQRKESKKPPAKLQPR,in vivo,Linear,Free,Free,34.0,4147.76,6.029,0.00145355565414,11.4074707031,54.6705882353,0.0882352941176,54.4117647059,3.37558823529,0.235294117647,0,1,0,0,0,0,0,0,0,0
47,FVPIFTYGELQREHQRVQQRKESKKPPAKLQPR,in vivo,Linear,Free,Free,33.0,4019.63,6.029,0.00149988929329,11.4074707031,50.1878787879,0.0909090909091,56.0606060606,3.31,0.242424242424,0,1,0,0,0,0,0,0,0,0
48,FVPIFTYGELQRKESKKPAKLAALKA,in vivo,Linear,Free,Free,26.0,2933.51,4.986,0.00169967036076,10.8872070312,28.7807692308,0.115384615385,86.5384615385,1.15692307692,0.423076923077,0,1,0,0,0,0,0,0,0,0
49,FVPIFTYGELQRKESKKPPAKLQPR,in vivo,Linear,Free,Free,25.0,2957.49,4.987,0.00168622717237,11.1044921875,58.36,0.12,62.4,2.2136,0.28,0,1,0,0,0,0,0,0,0,0
50,FVPIFTYGELQRKKPPAKLQPR,in vivo,Linear,Free,Free,22.0,2613.12,4.987,0.00190844660789,11.5190429688,56.2,0.136363636364,70.9090909091,1.79909090909,0.318181818182,0,0,0,0,0,0,0,0,0,0
51,FVPIFTYGELQRMQEKERNKGQ,in vivo,Linear,Free,Free,22.0,2698.07,1.988,0.000736822988284,10.224609375,43.6727272727,0.136363636364,48.6363636364,2.87590909091,0.272727272727,0,0,0,1,0,0,0,0,0,0
52,FVPIFTYGELQRQQRKESGKKPPAKLQPR,in vivo,Linear,Free,Free,29.0,3426.98,5.987,0.00174701924143,11.4814453125,62.0448275862,0.103448275862,53.7931034483,2.7724137931,0.241379310345,0,1,0,0,0,0,0,0,0,0
53,FVPIFTYGELQRQRKESKKPPAKLQPR,in vivo,Linear,Free,Free,27.0,3241.8,5.987,0.00184681349867,11.4814453125,61.9111111111,0.111111111111,57.7777777778,2.80740740741,0.259259259259,0,1,0,0,0,0,0,0,0,0
54,FVPIFTYGELQRQRVQQRK,in vivo,Linear,Free,Free,19.0,2392.77,3.988,0.00166668756295,11.8515625,48.6052631579,0.157894736842,71.5789473684,3.00894736842,0.315789473684,0,0,0,0,0,0,0,0,0,0
55,FVPIFTYGELQRQRVQQRKES,in vivo,Linear,Free,Free,21.0,2608.96,2.988,0.00114528394456,11.1850585938,54.1,0.142857142857,64.7619047619,3.20857142857,0.285714285714,0,1,0,0,0,0,0,0,0,0
56,FVPIFTYGELQRQRVQQRKESKK,in vivo,Linear,Free,Free,23.0,2865.31,4.987,0.00174047485263,11.4145507812,50.2652173913,0.130434782609,59.1304347826,3.41217391304,0.260869565217,0,1,0,0,0,0,0,0,0,0
57,FVPIFTYGELQRQRVQQRKESKKPP,in vivo,Linear,Free,Free,25.0,3059.54,4.987,0.0016299835923,11.4145507812,51.732,0.12,54.4,3.1392,0.24,0,1,0,0,0,0,0,0,0,0
58,FVPIFTYGELQRQRVQQRKESKKPPAK,in vivo,Linear,Free,Free,27.0,3258.79,5.987,0.00183718496743,11.4814453125,55.7740740741,0.111111111111,54.0740740741,3.04518518519,0.259259259259,0,1,0,0,0,0,0,0,0,0
59,FVPIFTYGELQRQRVQQRKESKKPPAKLQPR,in vivo,Linear,Free,Free,31.0,3753.38,6.987,0.00186152214804,11.7863769531,61.4258064516,0.0967741935484,59.6774193548,3.1535483871,0.258064516129,0,1,0,0,0,0,0,0,0,0
60,FVPIFTYGELQRSKKPPAKLQPR,in vivo,Linear,Free,Free,23.0,2700.2,4.987,0.00184690022961,11.5190429688,73.2956521739,0.130434782609,67.8260869565,1.86869565217,0.304347826087,0,1,0,0,0,0,0,0,0,0
61,FVPIFTYGELQRSPEHQRVQQRKESKKPPAKLQPR,in vivo,Linear,Free,Free,35.0,4203.83,6.029,0.00143416836551,11.4074707031,77.9657142857,0.0857142857143,52.8571428571,3.218,0.228571428571,0,2,0,0,0,0,0,0,0,0
62,FVPIFTYGELQRVQQKKAYSPDKERKPPAKLQPR,in vivo,Linear,Free,Free,34.0,4043.69,5.984,0.00147983648598,10.8940429688,53.7676470588,0.117647058824,57.3529411765,2.64411764706,0.264705882353,1,1,0,0,0,0,0,0,0,0
63,FVPIFTYGELQRVQQKKAYSPDKERKPPALQPR,in vivo,Linear,Free,Free,33.0,3915.52,4.985,0.00127313868911,10.7783203125,57.6666666667,0.121212121212,59.0909090909,2.55606060606,0.272727272727,1,1,0,0,0,0,0,0,0,0
64,FVPIFTYGELQRVQQKKSEKRPPAKLQPR,in vivo,Linear,Free,Free,29.0,3469.06,5.987,0.00172582774584,11.4814453125,78.8137931034,0.103448275862,63.7931034483,2.66551724138,0.275862068966,0,1,0,0,0,0,0,0,0,0
65,FVPIFTYGELQRVQQKRDSRRPPAKLQPR,in vivo,Linear,Free,Free,29.0,3511.06,5.987,0.00170518305013,11.9641113281,105.206896552,0.103448275862,63.7931034483,3.3775862069,0.275862068966,1,1,0,0,0,0,0,0,0,0
66,FVPIFTYGELQRVQQRK,in vivo,Linear,Free,Free,17.0,2108.45,2.988,0.00141715478195,11.2880859375,41.8176470588,0.176470588235,80.0,2.15941176471,0.352941176471,0,0,0,0,0,0,0,0,0,0
67,FVPIFTYGELQRVQQRKDSKKPPAKLQPR,in vivo,Linear,Free,Free,29.0,3455.04,5.986,0.0017325414467,11.4814453125,58.3310344828,0.103448275862,63.7931034483,2.73137931034,0.275862068966,1,1,0,0,0,0,0,0,0,0
68,FVPIFTYGELQRVQQRKEAKKPPAKLQPR,in vivo,Linear,Free,Free,29.0,3453.06,5.987,0.0017338244919,11.4814453125,51.6896551724,0.103448275862,67.2413793103,2.48586206897,0.310344827586,0,0,0,0,0,0,0,0,0,0
69,FVPIFTYGELQRVQQRKEFKKPPAKLQPR,in vivo,Linear,Free,Free,29.0,3529.16,5.987,0.00169643767922,11.4814453125,46.5068965517,0.137931034483,63.7931034483,2.44551724138,0.310344827586,0,0,0,0,0,0,0,0,0,0
70,FVPIFTYGELQRVQQRKEKKPPAKLQPR,in vivo,Linear,Free,Free,28.0,3381.99,5.987,0.00177025952176,11.4814453125,53.1785714286,0.107142857143,66.0714285714,2.63928571429,0.285714285714,0,0,0,0,0,0,0,0,0,0
71,FVPIFTYGELQRVQQRKELKKPPAKLQPR,in vivo,Linear,Free,Free,29.0,3495.14,5.987,0.00171294998197,11.4814453125,48.7620689655,0.103448275862,77.2413793103,2.37862068966,0.310344827586,0,0,0,0,0,0,0,0,0,0
72,FVPIFTYGELQRVQQRKEPKKPPAKLQPR,in vivo,Linear,Free,Free,29.0,3479.1,5.987,0.00172084734558,11.4814453125,58.3310344828,0.103448275862,63.7931034483,2.54827586207,0.275862068966,0,0,0,0,0,0,0,0,0,0
73,FVPIFTYGELQRVQQRKES,in vivo,Linear,Free,Free,19.0,2324.65,1.988,0.000855182500591,10.4248046875,48.6052631579,0.157894736842,71.5789473684,2.46947368421,0.315789473684,0,1,0,0,0,0,0,0,0,0
74,FVPIFTYGELQRVQQRKESKK,in vivo,Linear,Free,Free,21.0,2580.99,3.987,0.00154475608197,10.9736328125,44.9285714286,0.142857142857,64.7619047619,2.76285714286,0.285714285714,0,1,0,0,0,0,0,0,0,0
75,FVPIFTYGELQRVQQRKESKKAKLAALKA,in vivo,Linear,Free,Free,29.0,3347.97,5.986,0.00178794911543,11.2016601562,29.4379310345,0.103448275862,87.5862068966,1.79448275862,0.413793103448,0,1,0,0,0,0,0,0,0,0
76,FVPIFTYGELQRVQQRKESKKAKLQPR,in vivo,Linear,Free,Free,27.0,3274.83,5.987,0.00182818650128,11.4814453125,50.437037037,0.111111111111,68.5185185185,2.86296296296,0.296296296296,0,1,0,0,0,0,0,0,0,0
77,FVPIFTYGELQRVQQRKESKKMITIR,in vivo,Linear,Free,Free,26.0,3195.79,4.987,0.00156049052034,11.4145507812,50.75,0.115384615385,82.3076923077,2.43538461538,0.346153846154,0,1,0,1,0,0,0,0,0,0
78,FVPIFTYGELQRVQQRKESKKPP,in vivo,Linear,Free,Free,23.0,2775.22,3.987,0.00143664286075,10.9736328125,46.9869565217,0.130434782609,59.1304347826,2.52260869565,0.260869565217,0,1,0,0,0,0,0,0,0,0
79,FVPIFTYGELQRVQQRKESKKPPAELAALEA,in vivo,Linear,Free,Free,31.0,3544.08,1.988,0.000560935419065,10.1020507812,43.6548387097,0.0967741935484,81.935483871,1.76,0.387096774194,0,1,0,0,0,0,0,0,0,0
80,FVPIFTYGELQRVQQRKESKKPPAELAALKA,in vivo,Linear,Free,Free,31.0,3543.14,3.987,0.00112527306288,10.734375,40.9161290323,0.0967741935484,81.935483871,1.71935483871,0.387096774194,0,1,0,0,0,0,0,0,0,0
81,FVPIFTYGELQRVQQRKESKKPPAK,in vivo,Linear,Free,Free,25.0,2974.47,4.987,0.00167660120963,11.1044921875,51.732,0.12,58.4,2.4704,0.28,0,1,0,0,0,0,0,0,0,0
82,FVPIFTYGELQRVQQRKESKKPPAKLAALKA,in vivo,Linear,Free,Free,31.0,3542.2,5.986,0.00168991022528,11.2016601562,38.1774193548,0.0967741935484,81.935483871,1.67870967742,0.387096774194,0,1,0,0,0,0,0,0,0,0
83,FVPIFTYGELQRVQQRKESKKPPAKLQ,in vivo,Linear,Free,Free,27.0,3215.76,4.987,0.00155079981093,11.1044921875,57.5703703704,0.111111111111,68.5185185185,2.31037037037,0.296296296296,0,1,0,0,0,0,0,0,0,0
84,FVPIFTYGELQRVQQRKESKKPPAKLQPR,in vivo,Linear,Free,Free,29.0,3469.06,5.987,0.00172582774584,11.4814453125,58.3310344828,0.103448275862,63.7931034483,2.66551724138,0.275862068966,0,1,0,0,0,0,0,0,0,0
85,FVPIFTYGELQRVQQRKESKKPPMITIR,in vivo,Linear,Free,Free,28.0,3390.02,4.987,0.00147108276647,11.4145507812,37.6892857143,0.107142857143,76.4285714286,2.26142857143,0.321428571429,0,1,0,1,0,0,0,0,0,0
86,FVPIFTYGELQRVQQRKETKKPPAKLQPR,in vivo,Linear,Free,Free,29.0,3483.09,5.987,0.00171887605546,11.4814453125,51.6896551724,0.103448275862,63.7931034483,2.63689655172,0.275862068966,0,0,0,0,0,0,0,0,0,0
87,FVPIFTYGELQRVQQRKGESKKPPAKLQPR,in vivo,Linear,Free,Free,30.0,3526.12,5.987,0.00169790024163,11.4814453125,51.3766666667,0.1,61.6666666667,2.54533333333,0.266666666667,0,1,0,0,0,0,0,0,0,0
88,FVPIFTYGELQRVQQRKGGESKKPPAKLQPR,in vivo,Linear,Free,Free,31.0,3583.17,5.987,0.00167086685812,11.4814453125,54.0225806452,0.0967741935484,59.6774193548,2.43290322581,0.258064516129,0,1,0,0,0,0,0,0,0,0
89,FVPIFTYGELQRVQQRKKKPPAKLQPR,in vivo,Linear,Free,Free,27.0,3252.87,6.986,0.00214764192851,11.9370117188,54.7777777778,0.111111111111,68.5185185185,2.48481481481,0.296296296296,0,0,0,0,0,0,0,0,0,0
90,FVPIFTYGELQRVQQRKQSKKPPAKLQPR,in vivo,Linear,Free,Free,29.0,3468.08,6.986,0.0020143710641,11.9370117188,74.9931034483,0.103448275862,63.7931034483,2.62172413793,0.275862068966,0,1,0,0,0,0,0,0,0,0
91,GCKPTFRRLKWKYKCG,in vitro,Cyclic,Free,Free,16.0,1970.42,6.678,0.00338912516113,11.10546875,42.86875,0.1875,24.375,2.505,0.25,0,0,2,0,0,0,0,0,0,0
92,GCTFRRLKWKCG,in vitro,Cyclic,Free,Free,12.0,1453.79,4.681,0.00321985981469,11.3935546875,87.275,0.166666666667,32.5,2.40333333333,0.333333333333,0,0,2,0,0,0,0,0,0,0
93,GFFAEGTFTSDVSSYLEGQAAKEFIAWLVKGRPSSGAPPPS,in vitro,Linear,Hydroxylation,Amidation,41.0,4289.73,-0.012,-2.79737885601e-06,6.96875,46.4414634146,0.146341463415,54.8780487805,0.867073170732,0.341463414634,1,6,0,0,0,0,0,0,0,0
94,GGFAEGTFTSDVSSYLEGQAAKEFIAWLVKGRPSSGAPPPS,in vitro,Linear,Free,Amidation,41.0,4199.61,-0.012,-2.8574081879e-06,6.96875,49.4512195122,0.121951219512,54.8780487805,0.916829268293,0.317073170732,1,6,0,0,0,0,0,0,0,0
95,GGFMTSEKSQTPLVTL,in vivo,Linear,Free,Free,16.0,1694.96,0.99,0.000584084580167,10.025390625,34.05625,0.0625,66.875,0.7075,0.3125,0,2,0,1,0,0,0,0,0,0
96,GLSKGCFGLKLDRIGSMSGLGC,in vivo,Cyclic,Free,Free,22.0,2198.65,2.681,0.00121938462238,9.87109375,14.5136363636,0.0454545454545,88.6363636364,0.309545454545,0.409090909091,1,3,2,1,0,0,0,0,0,0
97,GLSKGCFGLKLDRIGSMSGLGCPSLRDPRPNAPSTSA,in vitro,Cyclic,Free,Free,37.0,3746.32,3.681,0.000982564223024,10.634765625,41.8783783784,0.027027027027,68.6486486486,1.52,0.324324324324,2,6,2,1,1,0,0,0,0,0
98,GLSKGCFGLKLDRIGSMSGLGCVQQRKDSKKPPAKLQPR,in vivo,Cyclic,Free,Free,39.0,4184.98,7.679,0.00183489526832,11.2153320312,37.6205128205,0.025641025641,70.0,1.96974358974,0.307692307692,2,4,2,1,0,0,0,0,0,0
99,GLSKGFGLKLDRISMSGLGCVQQRKESKKPPAKLQPR,in vivo,Cyclic,Free,Free,37.0,4038.81,7.833,0.00193943265467,11.5676269531,39.1135135135,0.027027027027,73.7837837838,2.08459459459,0.297297297297,1,4,1,1,0,0,0,0,0,0
100,GVFAEGTFTSDVSSYLEGQAAKEFIAWLVKGRPSSGAPPPS,in vitro,Linear,Hydroxylation,Amidation,41.0,4241.69,-0.012,-2.82906105821e-06,6.96875,46.4414634146,0.121951219512,61.9512195122,0.841219512195,0.341463414634,1,6,0,0,0,0,0,0,0,0
101,GWTLNSAGYLLGPHAI,in vitro,Linear,Free,Free,16.0,1668.9,1.029,0.00061657379112,9.740234375,2.3875,0.125,110.0,-0.69,0.375,0,1,0,0,0,0,0,0,0,0
102,GWTLNSAGYLLGPHAIDNHRVSFHDKYGLA,in vitro,Linear,Free,Amidation,30.0,3309.67,1.111,0.000335683013714,9.4755859375,0.28,0.133333333333,84.6666666667,1.056,0.333333333333,2,2,0,0,0,0,0,0,0,0
103,GWTLNSAGYLLGPHAVGNHRSFSDKNGLTS,in vivo,Linear,Free,Free,30.0,3156.44,2.071,0.000656118918782,10.44140625,7.08666666667,0.1,68.3333333333,1.332,0.266666666667,1,4,0,0,0,0,1,0,0,0
104,GYSMEHFRYGKPVGKKRR,in vitro,Linear,Free,Amidation,18.0,2195.56,6.026,0.0027446300716,11.4365234375,28.1666666667,0.166666666667,16.1111111111,3.57611111111,0.166666666667,0,1,0,1,0,0,0,0,0,0
105,HADGSFSDEMNTILDNLAARDFINWLIQTKITD,in vivo,Linear,Free,Free,33.0,3765.14,-2.968,-0.00078828410099,4.08813476562,6.12727272727,0.0909090909091,91.8181818182,1.94121212121,0.393939393939,5,2,0,1,0,1,0,0,0,0
106,HADGVFTSDFSKLLGQLSAKKYLESLM,in vivo,Linear,Free,Amidation,27.0,2985.43,1.029,0.000344673966564,9.5302734375,7.68148148148,0.111111111111,90.3703703704,0.924444444444,0.407407407407,2,4,0,1,0,1,0,0,0,0
107,HADGVFTSDFSKLLGQLSAKKYLESLMGKRVSSNISEDPVPV,in vivo,Linear,Free,Free,42.0,4551.16,1.029,0.000226096204045,9.4833984375,52.2261904762,0.0714285714286,88.0952380952,1.42428571429,0.357142857143,3,7,0,1,1,1,0,0,0,0
108,HADGVFTSDFSRLLGQLSAKKYLESLI,in vivo,Linear,Free,Free,27.0,2995.4,1.029,0.000343526741003,9.5810546875,17.9592592593,0.111111111111,104.814814815,1.1762962963,0.407407407407,2,4,0,0,0,1,0,0,0,0
109,HAECTFTSDVSSYLEGQAAKEFIAWLCKGRGCPSSGAPPPSGGGGG,in vivo,Linear,Free,Free,46.0,4571.03,-0.432,-9.45082399372e-05,6.833984375,70.4760869565,0.0869565217391,42.6086956522,0.926304347826,0.304347826087,1,6,3,0,0,0,0,0,0,0
110,HAEGTFTSDVSCYLEGQAACEFIAWLVKGRG,in vitro,Cyclic,Free,Free,31.0,3345.73,-1.277,-0.000381680530109,5.38671875,33.1838709677,0.129032258065,69.3548387097,0.877741935484,0.41935483871,1,2,2,0,0,0,0,0,0,0
111,HAEGTFTSDVSCYLEGQAACEFIAWLVKGRGKKK,in vitro,Cyclic,Free,Free,34.0,3730.25,1.721,0.000461363179412,8.83984375,28.6411764706,0.117647058824,63.2352941176,1.29,0.382352941176,1,2,2,0,0,0,0,0,0,0
112,HAEGTFTSDVSCYLEGQAACEFIAWLVKGRGKKKKKK,in vitro,Cyclic,Free,Free,37.0,4114.77,4.72,0.0011470872005,10.150390625,27.1297297297,0.108108108108,58.1081081081,1.63540540541,0.351351351351,1,2,2,0,0,0,0,0,0,0
113,HAEGTFTSDVSCYLEGQAACEFIAWLVKGRGSSSSSS,in vitro,Cyclic,Free,Free,37.0,3868.2,-1.277,-0.000330127707978,5.38671875,55.4513513514,0.108108108108,58.1081081081,1.28675675676,0.351351351351,1,8,2,0,0,0,0,0,0,0
114,HAEGTFTSDVSCYLEGQAACEFIAWLVKGRGVVVVVV,in vitro,Cyclic,Free,Free,37.0,3940.52,-1.277,-0.000324068904612,5.38671875,29.4243243243,0.108108108108,105.135135135,0.0802702702703,0.513513513514,1,2,2,0,0,0,0,0,0,0
115,HAEGTFTSDVSSYLEGQAAKEFIAWLVK,in vitro,Linear,Acetylation,Amidation,28.0,3084.41,-0.97,-0.000314484779909,5.390625,21.275,0.142857142857,76.7857142857,0.917142857143,0.392857142857,1,3,0,0,0,0,0,0,0,0
116,HAEGTFTSDVSSYLEGQAAKEFIAWLVKGR,in vitro,Linear,Free,Amidation,30.0,3297.64,0.03,9.09741512112e-06,7.6640625,17.6933333333,0.133333333333,71.6666666667,1.322,0.366666666667,1,3,0,0,0,0,0,0,0,0
117,HAEGTFTSDVSSYLEGQAAKEFIAWLVKGRG,in vitro,Linear,Free,Free,31.0,3354.7,0.03,8.94267743762e-06,7.6640625,14.7064516129,0.129032258065,69.3548387097,1.24903225806,0.354838709677,1,3,0,0,0,0,0,0,0,0
118,HAEGTFTSDVSSYLEGQAAKEFIAWLVRGRPSSGAPPPS,in vivo,Linear,Free,Free,39.0,4103.48,0.031,7.55456344371e-06,7.671875,49.0487179487,0.102564102564,57.6923076923,1.44820512821,0.307692307692,1,6,0,0,0,0,0,0,0,0
119,HDEFERHAEGTFTSDVSSYLEGQAAKEFIAWLVKGR,in vitro,Linear,Free,Amidation,36.0,4111.46,-1.927,-0.00046868995442,5.3515625,21.7611111111,0.138888888889,59.7222222222,2.18333333333,0.333333333333,2,3,0,0,0,0,0,0,0,0
120,HDEFERHAEGTFTSDVSSYLEGQAAKEFIAWLVKGRG,in vivo,Linear,Free,Free,37.0,4168.51,-1.927,-0.000462275489324,5.3515625,19.1486486486,0.135135135135,58.1081081081,2.09891891892,0.324324324324,2,3,0,0,0,0,0,0,0,0
121,HGDGSFSDEMNTILDNLAARDFINWLIQTLITD,in vivo,Linear,Free,Amidation,33.0,3736.1,-3.967,-0.00106180241428,3.7783203125,8.1303030303,0.0909090909091,100.606060606,1.6503030303,0.393939393939,5,2,0,1,0,1,0,0,0,0
122,HGEGTFTSDLSKQLEEEAVRLFIEWLKNGGPSSGAPPPS,in vivo,Linear,Free,Amidation,39.0,4168.55,-1.967,-0.000471866716244,4.76831054688,64.0820512821,0.0769230769231,62.5641025641,1.60307692308,0.25641025641,1,5,0,0,0,0,1,0,0,0
123,HGEGTFTSDLSKQMEEEAVRLFIEWLKNGGPSSGAPPPS,in vivo,Linear,Free,Free,39.0,4186.59,-1.967,-0.000469833444402,4.76831054688,64.0820512821,0.0769230769231,52.5641025641,1.66897435897,0.25641025641,1,5,0,1,0,0,1,0,0,0
124,HPLGSPGSASDLETSGLQEQRNHLQGKLSELQVEQTSLEPLQESPRTPGVWKSREVATEGIRGHRKMVLYTLRAPR,in vitro,Linear,Free,Free,76.0,8456.43,2.116,0.000250223794202,10.0791015625,63.4381578947,0.0263157894737,75.6578947368,2.51802631579,0.25,1,8,0,1,0,0,0,1,0,0
125,HSDAVFTDNYTRLRKQMAVKKYLNSILN,in vivo,Linear,Free,Amidation,28.0,3325.81,4.026,0.00121053217111,10.6342773438,32.1892857143,0.107142857143,83.5714285714,2.48428571429,0.357142857143,2,2,0,1,0,0,0,0,0,0
126,HSDAVFTDNYTRLRKQVAAKKYLQSIKNKRY,in vivo,Linear,Free,Free,31.0,3742.27,7.023,0.00187666843921,10.9291992188,56.0193548387,0.129032258065,66.1290322581,3.22838709677,0.290322580645,2,2,0,0,0,0,0,0,0,0
127,HSDAVFTDNYTRLRRQMLVRRYLNSILNGRR,in vitro,Linear,Free,Free,31.0,3821.35,6.028,0.00157745299436,11.9819335938,73.7290322581,0.0967741935484,84.8387096774,3.98258064516,0.322580645161,2,2,0,1,0,0,1,0,0,0
128,HSDGIFTDSYSRYAKQMAVAKYLAAVLGKRYKQRVKNK,in vitro,Linear,Acetylation,Propylamidation,38.0,4392.07,8.021,0.0018262459387,10.8225097656,47.4105263158,0.131578947368,66.8421052632,2.31763157895,0.342105263158,2,3,0,1,0,1,0,0,0,0
129,HSDGIFTDSYSRYRAQMAVAKYLAAVLGKRYKQRVKNK,in vitro,Linear,Acetylation,Propylamidation,38.0,4420.08,8.021,0.00181467303759,10.9448242188,30.5078947368,0.131578947368,66.8421052632,2.56421052632,0.342105263158,2,3,0,1,0,1,0,0,0,0
130,HSDGIFTDSYSRYRKQMAVAKYLAAVLGKRYKQRVKNK,in vitro,Linear,Free,Amidation,38.0,4477.18,9.021,0.00201488436918,11.0192871094,36.7289473684,0.131578947368,64.2105263158,2.75789473684,0.315789473684,2,3,0,1,0,1,0,0,0,0
131,HSDGIFTDSYSRYRKQMAVKAYLAAVLGKRYKQRVKNK,in vitro,Linear,Free,Amidation,38.0,4477.18,9.021,0.00201488436918,11.0192871094,35.9710526316,0.131578947368,64.2105263158,2.75789473684,0.315789473684,2,3,0,1,0,1,0,0,0,0
132,HSDGIFTDSYSRYRKQMAVKKYLAAVL,in vitro,Linear,Acetylation,Amidation,27.0,3147.62,4.024,0.00127842623951,10.400390625,23.9555555556,0.148148148148,75.9259259259,1.95481481481,0.37037037037,2,3,0,1,0,1,0,0,0,0
133,HSDGIFTDSYSRYRKQMAVKKYLAAVLGKRYKQRVKNK,in vitro,Linear,Free,Amidation,38.0,4534.27,10.02,0.00220983752622,11.0822753906,35.9710526316,0.131578947368,61.5789473684,2.95157894737,0.289473684211,2,3,0,1,0,1,0,0,0,0
134,HSQGTFTSDYSKYLDSRRAQDFVQWLMNT,in vitro,Linear,Free,Free,29.0,3481.78,1.028,0.000295251279518,9.4736328125,56.0275862069,0.172413793103,40.3448275862,2.88931034483,0.241379310345,3,4,0,1,0,0,0,1,0,0
135,HSQGTFTSDYSKYLDSRRAQDFVQWLMNTKRNKNNIA,in vivo,Linear,Free,Free,37.0,4420.85,4.026,0.000910684596854,10.623046875,76.4972972973,0.135135135135,44.8648648649,3.32432432432,0.243243243243,3,4,0,1,0,0,0,1,0,0
136,HSQGTFTSDYSKYLDSRRAQDFVQWLMNTKRNRNNIA,in vivo,Linear,Free,Free,37.0,4448.87,4.027,0.000905173673315,10.8129882812,73.4324324324,0.135135135135,44.8648648649,3.57756756757,0.243243243243,3,4,0,1,0,0,0,1,0,0
137,HVEGTFTSDVSSYLEEQAAKEFIAWLIKGGPSSGAPPPC,in vivo,Linear,Free,Pegylation,39.0,4106.55,-2.123,-0.000516978972617,4.66259765625,51.5230769231,0.102564102564,65.1282051282,0.800256410256,0.333333333333,1,5,1,0,0,0,0,0,0,0
138,HVEGTFTSDVSSYLEEQAAKEFIAWLIKGGPSSGAPPPCC,in vivo,Linear,Free,Pegylation,40.0,4209.69,-2.277,-0.000540894935257,4.662109375,50.485,0.1,63.5,0.74825,0.35,1,5,2,0,0,0,0,0,0,0
139,ICLKKWPWWPWRRCK,in vitro,Cyclic,Free,Amidation,15.0,2085.6,5.68,0.00272343690065,11.4956054688,50.86,0.266666666667,52.0,1.65133333333,0.266666666667,0,0,2,0,0,0,0,0,0,0
140,ILKKWPWWPWRRK,in vitro,Linear,Free,Amidation,13.0,1879.31,5.988,0.003186275814,13.71875,57.1461538462,0.307692307692,60.0,2.10230769231,0.153846153846,0,0,0,0,0,0,0,0,0,0
141,IRRADRAAVPGGGGRGD,in vivo,Linear,Free,Free,17.0,1679.85,2.99,0.00177992082626,12.1000976562,61.7882352941,0.0,57.6470588235,3.41352941176,0.294117647059,2,0,0,0,0,0,0,0,0,0
142,KGCRFGTCTVQKLAHQIYQFTDKDKDNVAPRSKISPQGY,in vivo,Linear,Free,Free,39.0,4429.03,4.717,0.00106501875128,10.12890625,29.2307692308,0.102564102564,50.0,2.41538461538,0.282051282051,3,2,2,0,0,0,0,1,0,0
143,KKKQYTSIHHGVVEVDAAVTPEERHLSKMQQNGYENPTYKFFEQMQNIATVIVITLVML,in vitro,Linear,Free,Free,59.0,6833.85,1.109,0.000162280412944,9.26171875,28.9576271186,0.0847457627119,85.7627118644,1.42491525424,0.372881355932,1,2,0,3,0,0,1,0,0,0
144,LEQYANQLADQIIKEATE,in vitro,Linear,Free,Free,18.0,2076.27,-2.011,-0.000968563818771,4.04345703125,26.1888888889,0.0555555555556,103.333333333,1.97555555556,0.388888888889,1,0,0,0,0,0,0,0,0,0
145,LLGDFFRKSKEKIGKEFKRIVQRIKDFLRNLVPRTES,in vitro,Linear,Free,Free,37.0,4492.29,6.988,0.00155555407153,11.4345703125,23.3432432432,0.108108108108,89.4594594595,3.0,0.351351351351,2,2,0,0,0,0,0,0,1,0
146,LLTHTISRIAVSYQTKVNLL,in vivo,Linear,Free,Free,20.0,2269.7,3.029,0.00133453760409,11.4638671875,11.115,0.05,151.0,0.6275,0.45,0,2,0,0,0,0,0,0,0,0
147,LSAYDPVDYPYSNSFAKC,in vitro,Linear,Acetylation,Amidation,18.0,2039.24,-0.17,-8.33643906553e-05,6.0625,31.8055555556,0.222222222222,48.8888888889,1.30055555556,0.333333333333,2,3,1,0,1,0,0,0,0,0
148,MAPRGFSCLLLLTGEIDLPVKRRA,in vitro,Linear,Free,Free,24.0,2656.23,2.836,0.00106767862723,11.1162109375,91.325,0.0416666666667,117.916666667,1.08916666667,0.5,1,1,1,1,0,0,0,0,0,0
149,MIFVKTLTGKTIL,in vivo,Linear,Free,Free,13.0,1463.88,2.989,0.00204183403011,13.0,8.76923076923,0.0769230769231,142.307692308,-0.86,0.538461538462,0,0,0,1,0,0,0,0,0,0
150,MKAIFVLKGWWRTS,in vitro,Linear,Free,Free,14.0,1722.11,3.989,0.00231634448438,13.56640625,5.97142857143,0.214285714286,83.5714285714,0.383571428571,0.428571428571,0,1,0,1,0,0,0,0,0,0
151,MKFTLFSVLVVLLIATFVAADDCPRICTADFRPVCGTPSGGRRSANRTFGNQCSLDSHNCLNKGDTYDKLHDGECK,in vivo,Linear,Free,Free,76.0,8298.44,1.147,0.000138218749548,7.83666992188,47.5447368421,0.0789473684211,71.8421052632,1.77013157895,0.407894736842,7,5,6,1,0,1,0,0,0,0
152,MLPGLALLLLAAWTARALEVPYPYDVPDYASNKGAIIGLMVGGVVIATVIVITLVVMLKKKQYEQKLISEEDL,in vitro,Linear,Free,Free,73.0,7927.5,-0.018,-2.27057710501e-06,6.96875,34.3739726027,0.0684931506849,142.876712329,-0.337260273973,0.520547945205,3,2,0,3,0,0,0,0,0,0
153,MLTKFETKSARVKGLSFHPKRPWIL,in vitro,Linear,Free,Free,25.0,2970.59,6.03,0.00202989978422,12.2001953125,31.196,0.12,78.0,1.5336,0.36,0,2,0,1,0,0,0,0,0,0
154,MMRDSGCFGRRLDRIGSLSGLGCNVLRRY,in vivo,Linear,Free,Free,29.0,3288.86,4.68,0.00142298547217,11.4287109375,53.6482758621,0.0689655172414,77.2413793103,2.77103448276,0.379310344828,2,3,2,2,0,0,0,0,0,0
155,MTWEAWDRAIAEYAARIEALIRAAQEQQEKNEAALREL,in vivo,Linear,Free,Free,38.0,4444.95,-2.009,-0.000451973588004,4.58447265625,46.1763157895,0.0789473684211,87.8947368421,2.44631578947,0.447368421053,1,0,0,1,0,0,0,0,0,0
156,MTWMEWDREINNYTSLIHSLIEESQNQQEKNEQELL,in vivo,Linear,Free,Free,36.0,4479.88,-4.967,-0.0011087350554,4.09545898438,62.7416666667,0.0833333333333,75.8333333333,2.83111111111,0.25,1,3,0,2,0,0,0,0,0,0
157,MTWMEWDREINNYTSLIHSLIEESQNQQEKNEQELLEL,in vivo,Linear,Free,Free,38.0,4722.16,-5.966,-0.00126340488251,4.00268554688,59.9657894737,0.0789473684211,82.1052631579,2.73184210526,0.263157894737,1,3,0,2,0,0,0,0,0,0
158,MWQRPSSWIEGRFPHSDAVFTDQYTRLRKQLAAKKYLQSLKQKRY,in vitro,Linear,Free,Free,45.0,5543.35,8.024,0.00144750015785,11.150390625,68.5777777778,0.155555555556,56.4444444444,2.892,0.266666666667,2,4,0,1,0,0,0,0,0,0
159,MWQRPSSWIEGRLLTHTISRIAVSYQTKVNLL,in vivo,Linear,Free,Free,32.0,3784.41,4.029,0.00106463094644,11.8515625,42.484375,0.09375,106.5625,1.5209375,0.34375,0,4,0,1,0,0,0,0,0,0
160,NISHTKEKKKGKAKKKRLTK,in vitro,Linear,Free,Free,20.0,2350.87,10.027,0.00426522946824,11.9736328125,35.51,0.0,44.0,3.9465,0.15,0,1,0,0,0,0,0,0,0,0
161,NPMYNAVSNADLMDFKNLLDHLEEKMPLEDEVVPPQVLSEPNEEAGAALSPLPEVPPWTGEVSPAQRDGGALGRGPWDSSDRSALLKSKLRALLTAPR,in vitro,Linear,Free,Free,98.0,10614.88,-5.966,-0.000562041210075,4.31884765625,56.1459183673,0.0408163265306,83.6734693878,1.72448979592,0.34693877551,7,8,0,3,0,1,0,0,0,0
162,NPVENMMDRDSQ,in vitro,Linear,Free,Free,12.0,1434.56,-1.009,-0.000703351550301,4.17236328125,46.2333333333,0.0,24.1666666667,4.3875,0.25,2,1,0,2,0,0,0,0,0,0
163,PGDSTRKCMDLKGNK,in vivo,Linear,Free,Free,15.0,1648.92,2.834,0.00171870072532,10.4135742188,42.7133333333,0.0,26.0,3.41266666667,0.2,2,1,1,1,0,0,0,0,0,0
164,PPPPPARPYSFGL,in vitro,Linear,Free,Amidation,13.0,1394.63,1.988,0.00142546768677,11.14453125,98.1230769231,0.153846153846,37.6923076923,0.600769230769,0.230769230769,0,1,0,0,0,0,0,0,0,0
165,PSSSLHLHRRITHHRRLGCFRSSGSLLNNAMKGGVDDEITLSAYITMALLESSLPDTDP,in vivo,Linear,Free,Free,59.0,6475.3,1.002,0.000154741865242,8.701171875,59.1813559322,0.0338983050847,89.3220338983,2.04,0.338983050847,4,9,1,2,1,0,0,0,0,0
166,RLIEDICLPRWGCLWEDD,in vivo,Linear,Acetylation,Amidation,18.0,2231.56,-2.317,-0.00103828711753,4.0712890625,122.383333333,0.111111111111,108.333333333,2.04777777778,0.388888888889,3,0,2,0,0,0,0,0,0,0
167,RPKPFQWFWLLRPKPQQFFGLM,in vitro,Linear,Free,Free,22.0,2847.44,4.989,0.00175210013205,13.71484375,57.4,0.272727272727,53.1818181818,1.04227272727,0.363636363636,0,0,0,1,0,0,0,0,0,0
168,RPQLKAPPKKSEKRQQVCFGGRMDRIGAQSGLGCNSFRY,in vivo,Cyclic,Free,Free,39.0,4395.08,7.678,0.00174695341154,11.3505859375,56.9487179487,0.0769230769231,42.5641025641,2.90974358974,0.282051282051,1,3,2,1,0,0,0,0,0,0
169,RPQLKAPPKKSEKRQQVCFGLKLDRIGSMSGLGC,in vivo,Cyclic,Free,Free,34.0,3756.49,6.68,0.00177825576536,11.1357421875,59.9441176471,0.0294117647059,68.8235294118,2.14,0.323529411765,1,3,2,1,0,0,0,0,0,0
170,RPQLKAPPKKSEKRQQVCFGLKLDRIGSMSGLGCVQQRKESKKPPAKLQPR,in vivo,Cyclic,Free,Free,51.0,5756.85,11.678,0.00202853991332,11.5393066406,62.4705882353,0.0196078431373,61.1764705882,2.76196078431,0.274509803922,1,4,2,1,0,0,0,0,0,0
171,RQIKIWFQNRRMKWKKNELKRAFAALRDQI,in vitro,Linear,Free,Free,30.0,3872.61,8.988,0.00232091535166,12.3161621094,43.9766666667,0.133333333333,75.0,3.49266666667,0.366666666667,1,0,0,1,0,0,0,0,0,0
172,RREAQNPQAGAVELGGGLGGLNALALEGPPQKRG,in vivo,Linear,Free,Free,34.0,3381.78,1.991,0.000588743206241,11.115234375,58.1823529412,0.0,80.5882352941,1.63029411765,0.323529411765,0,0,0,0,0,0,0,0,0,0
173,RRSSCFGGRIDIIGAQSGLGCNSFRY,in vivo,Cyclic,Free,Free,26.0,2820.19,3.68,0.00130487662179,10.8193359375,83.9730769231,0.115384615385,63.8461538462,2.29269230769,0.346153846154,1,4,2,0,0,0,0,0,0,0
174,RRSSCFGGRMDRIGAQSGLGCNSFRY,in vivo,Cyclic,Free,Free,26.0,2881.25,4.68,0.00162429501085,11.521484375,81.0730769231,0.115384615385,33.8461538462,3.15461538462,0.307692307692,1,4,2,1,0,0,0,0,0,0
175,RRWRIVVIRVRR,in vitro,Linear,Free,Amidation,12.0,1664.06,6.99,0.004200569691,13.955078125,145.291666667,0.0833333333333,137.5,5.43583333333,0.416666666667,0,0,0,0,0,0,0,0,0,0
176,SANSNPAMAPRERKAGCKNFFWKTFTSC,in vitro,Cyclic,Free,Free,28.0,3149.6,4.681,0.00148622047244,10.9130859375,34.7678571429,0.142857142857,14.2857142857,2.29285714286,0.357142857143,0,3,2,1,0,0,0,0,0,0
177,SCNTATCVTHRLAGLLSRSGGVVKDNFVPTNVGSEAF,in vivo,Cyclic,Free,Amidation,37.0,3808.28,1.724,0.000452697805834,8.9296875,31.5432432432,0.0540540540541,78.9189189189,1.26243243243,0.405405405405,1,4,2,0,0,0,0,0,0,0
178,SDAAVDTSSEITTKDLKEKKEVVEEAEN,in vitro,Linear,Acetylation,Free,28.0,3065.27,-4.009,-0.00130787826195,4.1083984375,28.1535714286,0.0,69.6428571429,3.085,0.285714285714,3,3,0,0,0,0,0,0,0,0
179,SDAAVDTSSEITTKDLKEKKEVVEEAENRKDVY,in vitro,Linear,Acetylation,Free,33.0,3727.02,-3.011,-0.000807884046772,4.3642578125,23.1181818182,0.030303030303,67.8787878788,3.38393939394,0.272727272727,4,3,0,0,0,0,0,0,0,0
180,SEEPPISLDLTFHLLREVLEMARAEQLAQQAHSNRKLMEII,in vivo,Linear,Free,Free,41.0,4757.47,-1.924,-0.000404416633211,5.376953125,52.4682926829,0.0243902439024,111.951219512,1.88,0.439024390244,1,3,0,2,0,0,0,0,0,0
181,SLRRSSCFGGRIDRIGAQSGCNSFRY,in vitro,Linear,Free,Free,26.0,2893.24,4.68,0.00161756370021,11.521484375,88.4807692308,0.115384615385,48.8461538462,3.22269230769,0.307692307692,1,5,2,0,0,0,0,0,0,0
182,SLRRSSCFGGRIDRIGAQSGLGCNSFRY,in vivo,Cyclic,Free,Free,28.0,3063.45,4.68,0.00152768936983,11.521484375,82.875,0.107142857143,59.2857142857,2.78321428571,0.321428571429,1,5,2,0,0,0,0,0,0,0
183,SLRRSSCFGGRMDRIGAQSGLGCNSFRY,in vivo,Cyclic,Free,Free,28.0,3081.49,4.68,0.00151874580154,11.521484375,82.875,0.107142857143,45.3571428571,2.875,0.321428571429,1,5,2,1,0,0,0,0,0,0
184,SLRRSSCFGGRMDRIGAQSGLGCNSFRYRITAREDKQGWA,in vitro,Cyclic,Free,Free,40.0,4494.04,5.68,0.0012638961825,11.4189453125,64.715,0.1,46.5,3.193,0.3,2,5,2,1,0,0,0,1,0,0
185,SLRRSSGGRIDRIGAQSGLGCNSFRY,in vivo,Cyclic,Free,Free,26.0,2813.13,4.834,0.00171837064053,11.9299316406,75.9423076923,0.0769230769231,63.8461538462,3.16115384615,0.269230769231,1,5,1,0,0,0,0,0,0,0
186,SPKMMHKSGCFGRRLDRIGSLSGLGCNVLRKY,in vivo,Linear,Free,Free,32.0,3567.26,6.72,0.00188379876992,11.3410644531,79.56875,0.0625,70.0,2.0784375,0.34375,1,4,2,2,0,0,0,0,0,0
187,SPKMVQGSGCFGRKMDRISSSSGLGCKVLRRH,in vivo,Linear,Free,Free,32.0,3465.08,6.722,0.00193992635091,11.7497558594,86.778125,0.03125,54.6875,2.4334375,0.3125,1,6,2,2,0,0,0,1,0,0
188,SPRGDLAVLGHKY,in vitro,Linear,Free,Free,13.0,1411.62,2.029,0.00143735566229,10.44140625,48.9153846154,0.0769230769231,90.0,1.52461538462,0.307692307692,1,1,0,0,0,0,0,0,0,0
189,SQDSAERIQERLRNSKMAHSSSCFGQKIDRIGAVSRLGCDGLRQF,in vivo,Cyclic,Free,Free,45.0,5038.64,3.724,0.000739088325421,10.576171875,67.82,0.0444444444444,65.1111111111,3.20088888889,0.333333333333,3,7,2,1,0,1,0,0,0,0
190,SQDSAFRIQERLRNSKMAHSSSCFGQKIDRIGAVSRLGCDGLRLF,in vivo,Cyclic,Free,Free,45.0,5041.73,4.724,0.00093697996521,11.1079101562,65.2155555556,0.0666666666667,73.7777777778,2.75088888889,0.377777777778,3,7,2,1,0,1,0,0,0,0
191,SQEPPISLDLTFHLLREVLEMTKADQLAQQAHSNRKLLDIA,in vivo,Linear,Free,Free,41.0,4670.33,-0.926,-0.000198272927181,6.0810546875,34.0365853659,0.0243902439024,111.951219512,1.83365853659,0.414634146341,3,3,0,1,0,0,0,0,0,0
192,SQEPPISLVLTFHLLREVLEMTKADQLAQQAHSNRKLLDIA,in vivo,Linear,Free,Free,41.0,4654.37,0.074,1.58990368192e-05,7.84375,34.0365853659,0.0243902439024,119.024390244,1.52243902439,0.439024390244,2,3,0,1,0,0,0,0,0,0
193,SSLKQYWSSLKQSFS,in vivo,Linear,Free,Free,15.0,1774.98,2.987,0.00168283586294,10.8359375,72.5666666667,0.2,52.0,1.838,0.2,0,6,0,0,0,0,0,0,0,0
194,SSSHPIFHRGEFSVCDSVSVWVGDKTTATDIKGKEVMVLGEVNINNSVFKQYFFETKCRDPNPVDSGCRGIDSKHWNSYCTTTHTFVKALTMDGKQAAWRFIRIDTACVCVLSRKAVRRA,in vivo,Cyclic,Free,Free,120.0,13493.29,5.228,0.000387451837172,9.03564453125,28.0041666667,0.1,66.5,1.96941666667,0.366666666667,8,11,6,2,1,1,0,0,0,0
195,SVSEIQLMHNLGKHLNSMERVEWLRKKLQDVHNF,in vivo,Linear,Free,Free,34.0,4116.75,2.115,0.000513754782292,10.3999023438,62.5235294118,0.0588235294118,94.4117647059,2.30088235294,0.352941176471,1,3,0,2,0,0,0,0,0,0
196,SYSMEHFRWGKPVGKKRRPVKVYPAGEDDEASEAFPLEF,in vitro,Linear,Free,Free,39.0,4541.08,1.028,0.000226377866058,9.3671875,62.7128205128,0.153846153846,40.0,2.42769230769,0.282051282051,2,3,0,1,0,0,0,0,0,0
197,TAIIDNNKTEKEISY,in vivo,Linear,Free,Free,15.0,1737.91,-0.012,-6.90484547531e-06,6.875,50.8,0.0666666666667,84.6666666667,2.58866666667,0.266666666667,1,1,0,0,0,0,0,0,0,0
198,TALIDNNATEEILY,in vivo,Linear,Free,Free,14.0,1578.73,-2.011,-0.00127380869433,3.6875,73.8428571429,0.0714285714286,125.714285714,1.25714285714,0.428571428571,1,0,0,0,0,0,0,0,0,0
199,TSEKSQTPLVTL,in vitro,Linear,Free,Free,12.0,1302.48,0.99,0.000760088446656,10.025390625,34.1916666667,0.0,89.1666666667,1.54416666667,0.25,0,2,0,0,0,0,0,0,0,0
200,TTWEAWDRAIAEYAARIEALIRAAQELQEKLEAALREL,in vivo,Linear,Free,Free,38.0,4398.94,-2.009,-0.000456700932497,4.58447265625,43.1421052632,0.0789473684211,108.421052632,1.99631578947,0.473684210526,1,0,0,0,0,0,0,0,0,0
201,TTWEAWDRAIAEYAARIEALIRAAQELQEKNEAALREL,in vivo,Linear,Free,Free,38.0,4399.88,-2.009,-0.00045660336191,4.58447265625,45.3763157895,0.0789473684211,98.1578947368,2.30052631579,0.447368421053,1,0,0,0,0,0,0,0,0,0
202,TTWEAWDRAIAEYAARIEALIRAAQEQQEKLEAALREL,in vivo,Linear,Free,Free,38.0,4413.91,-2.009,-0.000455152008084,4.58447265625,44.7,0.0789473684211,98.1578947368,2.27157894737,0.447368421053,1,0,0,0,0,0,0,0,0,0
203,TTWEAWDRAIAEYAARIEALIRAAQEQQEKLEAVLREL,in vivo,Linear,Free,Free,38.0,4441.96,-2.009,-0.000452277823303,4.58447265625,44.7,0.0789473684211,103.157894737,2.21289473684,0.447368421053,1,0,0,0,0,0,0,0,0,0
204,TTWEAWDRAIAEYAARIEALIRAAQEQQEKNEAALREL,in vivo,Linear,Free,Free,38.0,4414.86,-2.009,-0.0004550540674,4.58447265625,46.9342105263,0.0789473684211,87.8947368421,2.57578947368,0.421052631579,1,0,0,0,0,0,0,0,0,0
205,TTWEAWDRAIAEYAARIEALIRAAQEQQEKNEAILREL,in vivo,Linear,Free,Free,38.0,4456.94,-2.009,-0.000450757694741,4.58447265625,52.0026315789,0.0789473684211,95.5263157895,2.49394736842,0.421052631579,1,0,0,0,0,0,0,0,0,0
206,TTWEAWDRAIAEYAARIEALIRALQELQEKLEAILREL,in vivo,Linear,Free,Free,38.0,4483.1,-2.009,-0.000448127411836,4.58447265625,56.7894736842,0.0789473684211,123.684210526,1.83263157895,0.473684210526,1,0,0,0,0,0,0,0,0,0
207,TTWEAWDRAIAEYAARIEALIRALQELQEKNEAALREL,in vivo,Linear,Free,Free,38.0,4441.96,-2.009,-0.000452277823303,4.58447265625,53.9552631579,0.0789473684211,105.789473684,2.21868421053,0.447368421053,1,0,0,0,0,0,0,0,0,0
208,TTWEAWDRAIAEYAARIEALIRALQELQEKNEAILREL,in vivo,Linear,Free,Free,38.0,4484.04,-2.009,-0.000448033469817,4.58447265625,59.0236842105,0.0789473684211,113.421052632,2.13684210526,0.447368421053,1,0,0,0,0,0,0,0,0,0
209,TTWEAWDRAIAEYAARIEALIRALQEQQEKNEAALREL,in vivo,Linear,Free,Free,38.0,4456.94,-2.009,-0.000450757694741,4.58447265625,55.5131578947,0.0789473684211,95.5263157895,2.49394736842,0.421052631579,1,0,0,0,0,0,0,0,0,0
210,TTWEAWDRAIAEYAARIEALIRALQEQQEKNEAILREL,in vivo,Linear,Free,Free,38.0,4499.02,-2.009,-0.000446541691302,4.58447265625,60.5815789474,0.0789473684211,103.157894737,2.41210526316,0.421052631579,1,0,0,0,0,0,0,0,0,0
211,TTWEAWDRAIAEYAARIEALIRASQEQQEKNEAELREL,in vivo,Linear,Free,Free,38.0,4488.89,-3.008,-0.000670098844035,4.41076660156,52.0026315789,0.0789473684211,82.6315789474,2.93973684211,0.368421052632,1,1,0,0,0,0,0,0,0,0
212,TTWEAWDRAIAEYAARIEALLRALQEQQEKNEAALREL,in vivo,Linear,Acetylation,Amidation,38.0,4456.94,-2.009,-0.000450757694741,4.58447265625,60.5815789474,0.0789473684211,95.5263157895,2.49394736842,0.421052631579,1,0,0,0,0,0,0,0,0,0
213,TVPVDLASRQEEEEQSADSTEEEPVTLPR,in vitro,Linear,Free,Free,29.0,3241.4,-6.006,-0.00185290306658,3.7412109375,140.431034483,0.0,63.7931034483,3.39172413793,0.241379310345,2,3,0,0,0,0,0,0,0,0
214,TVPVDLASRQEEEEQSPDSTEEEPVTLPR,in vitro,Linear,Free,Free,29.0,3267.44,-6.006,-0.00183813627794,3.7412109375,155.910344828,0.0,60.3448275862,3.45413793103,0.206896551724,2,3,0,0,0,0,0,0,0,0
215,TVPVDLASRQEEEEQSPDSTEQEPVTLPR,in vitro,Linear,Free,Free,29.0,3266.45,-5.007,-0.00153285677111,3.81079101562,146.710344828,0.0,60.3448275862,3.41034482759,0.206896551724,2,3,0,0,0,0,0,0,0,0
216,VDCFLSRPTEKT,in vitro,Linear,Free,Free,12.0,1394.6,0.836,0.000599455040872,8.7431640625,44.7916666667,0.0833333333333,56.6666666667,2.61,0.333333333333,1,1,1,0,0,0,0,0,0,0
217,VDKPPYLPRPRPPRRIYN,in vivo,Linear,Free,Free,18.0,2233.63,4.985,0.00223179309017,11.6997070312,64.9444444444,0.111111111111,59.4444444444,3.72166666667,0.166666666667,1,0,0,0,0,0,0,0,0,0
218,VDKPPYLPRPRPPRRIYNH,in vivo,Linear,Free,Amidation,19.0,2370.77,5.027,0.00212040813744,11.6997070312,62.0526315789,0.105263157895,56.3157894737,3.77105263158,0.157894736842,1,0,0,0,0,0,0,0,0,0
219,VDKPPYLPRPRPPRRIYNN,in vivo,Linear,Free,Amidation,19.0,2347.73,4.985,0.00212332763989,11.6997070312,62.0526315789,0.105263157895,56.3157894737,3.87526315789,0.157894736842,1,0,0,0,0,0,0,0,0,0
220,VDKPPYLPRPRPPRRIYNR,in vivo,Linear,Free,Amidation,19.0,2389.81,5.985,0.00250438319364,11.9523925781,62.0526315789,0.105263157895,56.3157894737,4.31105263158,0.157894736842,1,0,0,0,0,0,0,0,0,0
221,VKFNKPFVFLMIEQNTK,in vivo,Linear,Free,Free,17.0,2082.52,2.989,0.00143528033344,10.9868164062,60.7235294118,0.176470588235,80.0,0.92,0.470588235294,0,0,0,1,0,0,0,0,0,0
222,VNTPEHVVPYGLGSPRS,in vitro,Linear,Free,Free,17.0,1808.01,1.03,0.000569687114562,9.7353515625,63.8,0.0588235294118,74.1176470588,1.38941176471,0.235294117647,0,2,0,0,0,0,0,0,0,0
223,VNTPERVVPYGLGSPSRS,in vitro,Linear,Free,Free,18.0,1914.14,1.988,0.00103858651927,10.98046875,90.5888888889,0.0555555555556,70.0,2.07111111111,0.222222222222,0,3,0,0,0,0,0,0,0,0
224,VPLPAGGGTVLTKMYPRGNHWAVGHLM,in vivo,Linear,Free,Amidation,27.0,2859.39,3.071,0.00107400529484,11.4638671875,43.5814814815,0.0740740740741,82.962962963,-0.0192592592593,0.37037037037,0,0,0,2,0,0,0,0,0,0
225,VQQRKESKKPPAKLQPRCFGGRMDRIGAQSGLGCNSFRY,in vivo,Cyclic,Free,Free,39.0,4395.08,7.678,0.00174695341154,11.3505859375,45.1384615385,0.0769230769231,42.5641025641,2.90974358974,0.282051282051,1,3,2,1,0,0,0,0,0,0
226,VQQRKESKKPPAKLQPRCFGLKLDRIGSMSGLGC,in vivo,Cyclic,Free,Free,34.0,3756.49,6.68,0.00177825576536,11.1357421875,46.3970588235,0.0294117647059,68.8235294118,2.14,0.323529411765,1,3,2,1,0,0,0,0,0,0
227,VRRADRAAVPGGGGRG,in vitro,Linear,Free,Free,16.0,1550.74,3.99,0.00257296516502,12.5751953125,65.025,0.0,55.0,3.136875,0.3125,1,0,0,0,0,0,0,0,0,0
228,VVYTDCTESGQNLCLCEGSNVCGQGNKCILGSDGEKNQCVTGEGTPKPQSHNDGDFEEIPEEYLQ,in vivo,Linear,Free,Free,65.0,6968.52,-8.893,-0.00127616767979,3.85046386719,48.1523076923,0.0461538461538,53.8461538462,2.01430769231,0.261538461538,4,4,6,0,0,2,0,1,0,0
229,WDREINNYTSLIH,in vitro,Linear,Glycosylation,Amidation,13.0,1659.81,0.03,1.80743579084e-05,7.671875,21.2076923077,0.153846153846,90.0,2.87769230769,0.230769230769,1,1,0,0,0,0,0,0,0,0
230,WDREINNYTSLIHWDREINNYTSLIH,in vitro,Linear,Glycosylation,Amidation,26.0,3302.58,-0.929,-0.00028129522979,6.0673828125,20.4846153846,0.153846153846,90.0,2.87769230769,0.230769230769,2,2,0,0,0,0,0,0,0,0
231,WQEWEQKITALLEQAQIQQEKNEYELQKLDKWASLWEWF,in vivo,Linear,Acetylation,Amidation,39.0,4994.55,-3.01,-0.000602656896017,4.32495117188,28.841025641,0.179487179487,77.6923076923,1.93897435897,0.282051282051,1,1,0,0,0,0,0,0,0,0
232,YADAIFTNSYRKVLGQLSARKLLQDILSRQQG,in vitro,Linear,Free,Amidation,32.0,3653.17,3.985,0.00109083344055,10.8359375,39.428125,0.09375,103.75,2.074375,0.375,2,3,0,0,0,0,0,1,0,0
233,YADAIFTNSYRKVLGQLSARKLLQDIMSR,in vivo,Linear,Free,Amidation,29.0,3357.9,3.985,0.00118675362578,10.8359375,37.7,0.103448275862,101.034482759,2.02793103448,0.413793103448,2,3,0,1,0,0,0,0,0,0
234,YADAIFTNSYRKVLGQLSARKLLQDIMSRQQGESNQERGA,in vivo,Linear,Free,Amidation,40.0,4543.06,2.986,0.000657266247859,10.3908691406,41.3275,0.075,75.75,2.758,0.325,2,4,0,1,0,0,0,1,0,0
235,YAEGTFISDYSIAMDKIHQQDFVNWLLAQKGKKNDWKHNITQ,in vitro,Linear,Free,Free,42.0,4982.57,1.068,0.000214347214389,9.3427734375,33.319047619,0.142857142857,69.7619047619,1.88619047619,0.309523809524,4,2,0,1,0,0,0,0,0,0
236,YEPGKSSILQHERPVTKPQA,in vivo,Linear,Free,Amidation,20.0,2264.55,2.03,0.000896425338367,10.2319335938,67.55,0.05,58.5,2.413,0.2,0,2,0,0,0,0,0,0,0,0
237,YGGFLRRIRPK,in vitro,Linear,Free,Amidation,11.0,1361.65,4.987,0.00366246832887,12.4145507812,99.6818181818,0.181818181818,70.9090909091,3.25,0.272727272727,0,0,0,0,0,0,0,0,1,1
238,YGGFLRRIRPKLKWDN,in vitro,Linear,Free,Free,16.0,2018.38,4.987,0.00247079340858,11.8837890625,61.04375,0.1875,73.125,3.088125,0.25,1,0,0,0,0,0,0,0,1,1
239,YGGFMTSEKSQTPLVTLFKNAIIKNAYKKGE,in vitro,Linear,Free,Free,31.0,3464.01,3.984,0.00115011215326,10.4020996094,6.91935483871,0.129032258065,66.1290322581,1.17774193548,0.322580645161,0,2,0,1,0,0,0,0,1,1
240,YPIKPEAPGEDASPEELNRYYASLRHYLNLVTRQRY,in vitro,Linear,Free,Free,36.0,4309.77,1.023,0.000237367655351,9.203125,79.9333333333,0.138888888889,70.5555555556,2.77027777778,0.25,1,2,0,0,0,0,0,0,0,0
241,YPSKPDNPGEDAPAEDLARYYSALRHYINLITRQRY,in vivo,Linear,Free,Amidation,36.0,4253.66,1.023,0.000240498770471,9.203125,60.3111111111,0.138888888889,65.2777777778,2.93833333333,0.25,3,2,0,0,0,0,0,0,0,0
242,YPSKPDNPGEDAPAEDMARYYSALRHYINLITRQRY,in vivo,Linear,Free,Amidation,36.0,4271.7,1.023,0.000239483109769,9.203125,63.7388888889,0.138888888889,54.4444444444,3.00972222222,0.25,3,2,0,1,0,0,0,0,0,0
243,YRQSMNNFQGLRSFGCRFGTCTVQKLAHQIYQFTDKDKDNVAPRSKISPQGY,in vivo,Cyclic,Free,Amidation,52.0,6030.77,5.716,0.000947806001555,10.3059082031,44.2211538462,0.134615384615,45.0,2.60807692308,0.288461538462,3,4,2,1,0,0,0,2,0,0
244,YRQSMNQGSRSTGCRFGTCTMQKLAHQIYQFTDKDKDGMAPRNKISPQGY,in vivo,Linear,Free,Amidation,50.0,5731.45,5.716,0.000997304347067,10.3059082031,44.766,0.1,27.4,2.8974,0.24,3,4,2,3,0,1,0,2,0,0
245,YRWYGYTPQNVIGGGKLLLKLLKKLLKLLKKK,in vivo,Linear,Free,Free,32.0,3773.71,9.979,0.00264434733989,11.1867675781,4.196875,0.125,130.9375,0.47375,0.34375,0,0,0,0,0,0,0,0,0,0
246,YTSLIHSLIEESQNQQEKNEQELLELDKWASLWNWF,in vivo,Linear,Acetylation,Amidation,36.0,4449.86,-3.968,-0.000891713447165,4.21484375,62.65,0.138888888889,89.4444444444,2.01638888889,0.277777777778,1,4,0,0,0,0,0,0,0,0
